stockSymbol;type;tickerPrice;quantity;lastDividend;fixedDividend;parValue;tickerMeanPrice;operation
JOE;Common;68.0;124;68.0;17.0;25.0;68.0;buy
POP;Common;56.0;10;56.0;63.0;0.0;56.0;buy
GIN;Common;10.0;7;10.0;45.0;85.0;10.0;sell
TEA;Preferred;32.0;126;32.0;9.0;6.0;32.0;sell
JOE;Preferred;72.0;79;72.0;51.0;4.0;68.0;buy
ALE;Common;1.0;188;1.0;61.0;14.0;1.0;buy
JOE;Common;48.0;51;48.0;10.0;35.0;68.0;sell
ALE;Preferred;49.0;49;49.0;15.0;61.0;1.0;sell
TEA;Preferred;48.0;122;48.0;28.0;14.0;32.0;buy
POP;Preferred;35.0;44;35.0;57.0;77.0;56.0;sell
POP;Preferred;75.0;177;75.0;7.0;52.0;56.0;buy
GIN;Preferred;19.0;115;19.0;66.0;2.0;10.0;buy
JOE;Common;7.0;174;7.0;24.0;28.0;68.0;sell
GIN;Preferred;4.0;70;4.0;84.0;31.0;10.0;buy
TEA;Common;58.0;10;58.0;7.0;17.0;32.0;sell
POP;Preferred;16.0;178;16.0;90.0;1.0;56.0;sell
TEA;Common;88.0;42;88.0;61.0;73.0;32.0;buy
GIN;Preferred;100.0;52;100.0;100.0;34.0;10.0;sell
JOE;Common;52.0;55;52.0;46.0;15.0;68.0;sell
GIN;Common;18.0;190;18.0;2.0;73.0;10.0;sell
TEA;Preferred;11.0;56;11.0;93.0;69.0;32.0;sell
ALE;Preferred;8.0;110;8.0;38.0;20.0;1.0;sell
JOE;Common;12.0;150;12.0;54.0;42.0;68.0;buy
JOE;Preferred;25.0;74;25.0;73.0;100.0;68.0;sell
JOE;Preferred;14.0;58;14.0;88.0;61.0;68.0;buy
GIN;Common;36.0;49;36.0;87.0;11.0;10.0;buy
GIN;Preferred;67.0;165;67.0;15.0;72.0;10.0;sell
GIN;Preferred;26.0;16;26.0;84.0;82.0;10.0;buy
GIN;Preferred;42.0;108;42.0;73.0;86.0;10.0;buy
JOE;Common;91.0;27;91.0;90.0;56.0;68.0;sell
ALE;Preferred;78.0;64;78.0;19.0;26.0;1.0;buy
POP;Preferred;78.0;27;78.0;74.0;88.0;56.0;sell
ALE;Common;100.0;26;100.0;58.0;6.0;1.0;buy
POP;Common;49.0;52;49.0;18.0;61.0;56.0;buy
ALE;Common;16.0;4;16.0;5.0;4.0;1.0;sell
TEA;Preferred;9.0;37;9.0;4.0;92.0;32.0;sell
GIN;Common;50.0;61;50.0;70.0;30.0;10.0;buy
JOE;Preferred;27.0;192;27.0;61.0;55.0;68.0;buy
GIN;Common;18.0;138;18.0;82.0;26.0;10.0;sell
GIN;Preferred;12.0;59;12.0;78.0;9.0;10.0;buy
POP;Preferred;6.0;200;6.0;43.0;55.0;56.0;sell
POP;Preferred;65.0;119;65.0;83.0;6.0;56.0;sell
POP;Preferred;96.0;125;96.0;43.0;10.0;56.0;sell
POP;Preferred;41.0;154;41.0;91.0;5.0;56.0;sell
POP;Common;61.0;40;61.0;91.0;37.0;56.0;buy
ALE;Common;91.0;103;91.0;26.0;83.0;1.0;sell
TEA;Preferred;1.0;55;1.0;46.0;10.0;32.0;sell
GIN;Common;58.0;58;58.0;58.0;21.0;10.0;sell
ALE;Preferred;5.0;171;5.0;48.0;90.0;1.0;sell
POP;Preferred;4.0;27;4.0;67.0;58.0;56.0;sell
GIN;Common;56.0;73;56.0;54.0;48.0;10.0;sell
POP;Common;65.0;137;65.0;1.0;71.0;56.0;sell
JOE;Preferred;74.0;150;74.0;87.0;9.0;68.0;buy
GIN;Common;91.0;122;91.0;45.0;33.0;10.0;sell
TEA;Preferred;71.0;6;71.0;43.0;36.0;32.0;buy
ALE;Preferred;1.0;168;1.0;57.0;37.0;1.0;sell
JOE;Preferred;5.0;67;5.0;78.0;83.0;68.0;buy
POP;Preferred;65.0;147;65.0;16.0;72.0;56.0;buy
JOE;Preferred;77.0;147;77.0;61.0;12.0;68.0;sell
GIN;Common;93.0;194;93.0;54.0;32.0;10.0;sell
JOE;Common;94.0;97;94.0;5.0;50.0;68.0;buy
GIN;Common;90.0;41;90.0;33.0;65.0;10.0;buy
ALE;Common;89.0;13;89.0;77.0;97.0;1.0;buy
TEA;Common;92.0;62;92.0;11.0;14.0;32.0;buy
ALE;Preferred;57.0;51;57.0;60.0;73.0;1.0;sell
POP;Preferred;19.0;191;19.0;55.0;38.0;56.0;sell
POP;Preferred;22.0;144;22.0;62.0;4.0;56.0;buy
TEA;Common;22.0;103;22.0;83.0;66.0;32.0;buy
POP;Preferred;90.0;15;90.0;41.0;18.0;56.0;buy
POP;Common;38.0;125;38.0;33.0;25.0;56.0;buy
ALE;Preferred;2.0;60;2.0;51.0;58.0;1.0;sell
GIN;Preferred;70.0;164;70.0;98.0;28.0;10.0;sell
ALE;Preferred;33.0;31;33.0;58.0;17.0;1.0;buy
POP;Common;26.0;52;26.0;64.0;14.0;56.0;sell
GIN;Common;27.0;139;27.0;29.0;4.0;10.0;sell
GIN;Preferred;11.0;157;11.0;42.0;54.0;10.0;sell
ALE;Common;76.0;176;76.0;81.0;45.0;1.0;buy
GIN;Common;46.0;126;46.0;91.0;43.0;10.0;buy
JOE;Common;24.0;16;24.0;32.0;6.0;68.0;sell
POP;Common;81.0;45;81.0;32.0;48.0;56.0;buy
TEA;Preferred;71.0;187;71.0;60.0;63.0;32.0;sell
POP;Common;34.0;15;34.0;25.0;0.0;56.0;sell
JOE;Preferred;32.0;140;32.0;26.0;5.0;68.0;sell
GIN;Common;82.0;3;82.0;7.0;13.0;10.0;buy
ALE;Common;46.0;52;46.0;19.0;53.0;1.0;buy
ALE;Preferred;46.0;11;46.0;69.0;47.0;1.0;buy
ALE;Common;98.0;37;98.0;9.0;98.0;1.0;sell
POP;Preferred;11.0;153;11.0;38.0;57.0;56.0;buy
JOE;Preferred;6.0;120;6.0;60.0;72.0;68.0;sell
ALE;Common;98.0;118;98.0;20.0;0.0;1.0;sell
ALE;Common;68.0;123;68.0;13.0;60.0;1.0;sell
POP;Preferred;63.0;50;63.0;40.0;90.0;56.0;buy
GIN;Common;54.0;54;54.0;10.0;80.0;10.0;buy
POP;Common;4.0;114;4.0;22.0;4.0;56.0;buy
JOE;Preferred;81.0;66;81.0;73.0;65.0;68.0;sell
TEA;Common;79.0;177;79.0;8.0;67.0;32.0;buy
GIN;Preferred;19.0;196;19.0;53.0;59.0;10.0;sell
POP;Preferred;66.0;186;66.0;48.0;29.0;56.0;buy
GIN;Common;48.0;68;48.0;11.0;16.0;10.0;sell
GIN;Preferred;22.0;15;22.0;79.0;17.0;10.0;sell
POP;Common;69.0;173;69.0;88.0;55.0;56.0;sell
ALE;Preferred;20.0;75;20.0;36.0;14.0;1.0;buy
GIN;Common;71.0;137;71.0;26.0;11.0;10.0;buy
POP;Preferred;77.0;167;77.0;25.0;49.0;56.0;sell
GIN;Preferred;87.0;62;87.0;8.0;53.0;10.0;buy
POP;Preferred;75.0;92;75.0;10.0;28.0;56.0;buy
GIN;Preferred;42.0;15;42.0;36.0;91.0;10.0;sell
POP;Common;6.0;161;6.0;29.0;15.0;56.0;sell
POP;Preferred;66.0;133;66.0;35.0;13.0;56.0;sell
GIN;Common;67.0;64;67.0;42.0;63.0;10.0;sell
JOE;Common;37.0;115;37.0;18.0;44.0;68.0;buy
ALE;Common;81.0;107;81.0;90.0;94.0;1.0;sell
JOE;Common;29.0;95;29.0;29.0;3.0;68.0;buy
TEA;Common;29.0;46;29.0;89.0;57.0;32.0;sell
GIN;Preferred;17.0;54;17.0;64.0;21.0;10.0;sell
GIN;Preferred;7.0;54;7.0;36.0;96.0;10.0;sell
ALE;Preferred;30.0;29;30.0;2.0;3.0;1.0;buy
TEA;Preferred;44.0;32;44.0;31.0;28.0;32.0;sell
GIN;Preferred;74.0;134;74.0;37.0;88.0;10.0;buy
JOE;Preferred;49.0;197;49.0;84.0;5.0;68.0;buy
POP;Preferred;14.0;128;14.0;88.0;57.0;56.0;sell
GIN;Preferred;94.0;182;94.0;5.0;49.0;10.0;sell
POP;Common;6.0;31;6.0;70.0;73.0;56.0;sell
ALE;Preferred;67.0;6;67.0;76.0;57.0;1.0;buy
JOE;Preferred;40.0;185;40.0;14.0;66.0;68.0;sell
ALE;Preferred;41.0;58;41.0;18.0;25.0;1.0;sell
JOE;Preferred;75.0;111;75.0;27.0;30.0;68.0;sell
JOE;Preferred;97.0;189;97.0;93.0;64.0;68.0;sell
ALE;Preferred;43.0;184;43.0;4.0;32.0;1.0;buy
ALE;Common;92.0;132;92.0;24.0;61.0;1.0;sell
POP;Common;25.0;20;25.0;7.0;65.0;56.0;sell
JOE;Common;53.0;175;53.0;72.0;18.0;68.0;buy
JOE;Preferred;62.0;171;62.0;99.0;49.0;68.0;buy
ALE;Common;32.0;54;32.0;38.0;78.0;1.0;buy
JOE;Common;35.0;13;35.0;3.0;29.0;68.0;buy
JOE;Preferred;96.0;150;96.0;81.0;32.0;68.0;buy
JOE;Common;38.0;6;38.0;41.0;30.0;68.0;buy
JOE;Preferred;99.0;140;99.0;13.0;56.0;68.0;sell
TEA;Preferred;72.0;96;72.0;25.0;96.0;32.0;buy
POP;Preferred;89.0;14;89.0;21.0;24.0;56.0;buy
GIN;Common;65.0;187;65.0;69.0;30.0;10.0;sell
ALE;Preferred;32.0;71;32.0;20.0;54.0;1.0;buy
POP;Common;70.0;141;70.0;21.0;43.0;56.0;buy
ALE;Preferred;10.0;164;10.0;94.0;43.0;1.0;buy
ALE;Preferred;15.0;185;15.0;94.0;6.0;1.0;sell
POP;Preferred;63.0;49;63.0;93.0;14.0;56.0;sell
POP;Preferred;6.0;60;6.0;77.0;93.0;56.0;buy
POP;Common;55.0;135;55.0;18.0;32.0;56.0;buy
POP;Preferred;99.0;37;99.0;13.0;26.0;56.0;buy
JOE;Common;81.0;27;81.0;67.0;4.0;68.0;sell
TEA;Preferred;29.0;73;29.0;69.0;95.0;32.0;sell
JOE;Preferred;75.0;115;75.0;74.0;29.0;68.0;buy
JOE;Common;39.0;70;39.0;44.0;49.0;68.0;sell
JOE;Common;94.0;125;94.0;4.0;71.0;68.0;buy
ALE;Common;4.0;114;4.0;48.0;39.0;1.0;buy
POP;Preferred;45.0;47;45.0;4.0;59.0;56.0;sell
ALE;Preferred;15.0;124;15.0;51.0;90.0;1.0;sell
JOE;Common;51.0;170;51.0;38.0;3.0;68.0;buy
JOE;Preferred;86.0;187;86.0;64.0;12.0;68.0;sell
POP;Preferred;91.0;152;91.0;66.0;21.0;56.0;sell
POP;Common;75.0;178;75.0;65.0;55.0;56.0;buy
JOE;Preferred;97.0;193;97.0;44.0;84.0;68.0;sell
POP;Common;64.0;134;64.0;69.0;8.0;56.0;sell
ALE;Preferred;26.0;131;26.0;91.0;74.0;1.0;sell
JOE;Preferred;77.0;10;77.0;36.0;11.0;68.0;sell
ALE;Preferred;61.0;62;61.0;68.0;77.0;1.0;buy
POP;Preferred;78.0;142;78.0;4.0;1.0;56.0;buy
TEA;Common;37.0;81;37.0;57.0;97.0;32.0;sell
GIN;Common;69.0;103;69.0;64.0;30.0;10.0;buy
JOE;Common;26.0;59;26.0;37.0;83.0;68.0;buy
JOE;Preferred;59.0;53;59.0;3.0;77.0;68.0;sell
JOE;Preferred;36.0;139;36.0;42.0;20.0;68.0;sell
GIN;Common;89.0;9;89.0;65.0;57.0;10.0;buy
GIN;Preferred;59.0;128;59.0;63.0;0.0;10.0;sell
TEA;Common;56.0;173;56.0;36.0;8.0;32.0;sell
POP;Common;29.0;138;29.0;93.0;5.0;56.0;buy
POP;Common;88.0;102;88.0;20.0;25.0;56.0;sell
GIN;Preferred;80.0;11;80.0;43.0;75.0;10.0;buy
POP;Preferred;22.0;66;22.0;68.0;65.0;56.0;buy
GIN;Common;64.0;51;64.0;4.0;81.0;10.0;buy
ALE;Preferred;36.0;115;36.0;81.0;38.0;1.0;buy
JOE;Preferred;60.0;81;60.0;18.0;10.0;68.0;buy
GIN;Preferred;47.0;144;47.0;23.0;21.0;10.0;buy
GIN;Common;73.0;86;73.0;17.0;14.0;10.0;buy
JOE;Preferred;97.0;127;97.0;87.0;40.0;68.0;sell
ALE;Preferred;57.0;53;57.0;46.0;41.0;1.0;buy
JOE;Common;50.0;12;50.0;95.0;56.0;68.0;sell
TEA;Preferred;38.0;155;38.0;100.0;85.0;32.0;buy
ALE;Common;15.0;66;15.0;25.0;52.0;1.0;buy
POP;Common;45.0;39;45.0;71.0;31.0;56.0;sell
JOE;Preferred;60.0;152;60.0;68.0;33.0;68.0;sell
POP;Preferred;64.0;138;64.0;16.0;21.0;56.0;sell
JOE;Preferred;66.0;96;66.0;97.0;62.0;68.0;sell
POP;Preferred;44.0;88;44.0;22.0;36.0;56.0;sell
GIN;Common;62.0;53;62.0;65.0;5.0;10.0;buy
POP;Preferred;65.0;135;65.0;63.0;24.0;56.0;buy
ALE;Preferred;47.0;32;47.0;50.0;70.0;1.0;sell
GIN;Common;22.0;199;22.0;57.0;64.0;10.0;buy
POP;Preferred;68.0;8;68.0;45.0;75.0;56.0;buy
JOE;Common;83.0;178;83.0;79.0;47.0;68.0;buy
ALE;Common;47.0;36;47.0;52.0;1.0;1.0;sell
GIN;Preferred;3.0;49;3.0;54.0;68.0;10.0;sell
JOE;Preferred;10.0;72;10.0;47.0;47.0;68.0;buy
JOE;Preferred;34.0;188;34.0;15.0;60.0;68.0;buy
TEA;Preferred;60.0;31;60.0;11.0;12.0;32.0;sell
GIN;Preferred;95.0;111;95.0;93.0;59.0;10.0;buy
GIN;Preferred;87.0;126;87.0;74.0;60.0;10.0;sell
TEA;Preferred;65.0;159;65.0;34.0;52.0;32.0;sell
ALE;Common;12.0;58;12.0;56.0;92.0;1.0;buy
ALE;Common;20.0;21;20.0;84.0;69.0;1.0;buy
POP;Common;49.0;152;49.0;6.0;76.0;56.0;buy
ALE;Common;73.0;97;73.0;56.0;77.0;1.0;buy
ALE;Preferred;41.0;160;41.0;34.0;92.0;1.0;buy
TEA;Preferred;78.0;96;78.0;32.0;47.0;32.0;sell
GIN;Preferred;59.0;82;59.0;3.0;18.0;10.0;sell
ALE;Common;55.0;86;55.0;68.0;17.0;1.0;buy
JOE;Common;31.0;93;31.0;27.0;18.0;68.0;buy
JOE;Preferred;46.0;178;46.0;76.0;24.0;68.0;sell
ALE;Common;78.0;70;78.0;92.0;82.0;1.0;buy
GIN;Preferred;38.0;30;38.0;46.0;7.0;10.0;sell
ALE;Preferred;51.0;169;51.0;77.0;94.0;1.0;sell
JOE;Preferred;70.0;153;70.0;46.0;48.0;68.0;sell
ALE;Preferred;64.0;80;64.0;18.0;54.0;1.0;sell
ALE;Common;37.0;45;37.0;41.0;45.0;1.0;sell
JOE;Common;71.0;3;71.0;46.0;66.0;68.0;buy
POP;Common;0.0;179;0.0;41.0;88.0;56.0;sell
JOE;Common;15.0;102;15.0;35.0;2.0;68.0;sell
ALE;Common;60.0;12;60.0;48.0;95.0;1.0;buy
GIN;Common;92.0;84;92.0;0.0;46.0;10.0;sell
POP;Common;12.0;149;12.0;28.0;99.0;56.0;sell
JOE;Preferred;67.0;111;67.0;43.0;87.0;68.0;buy
POP;Preferred;75.0;126;75.0;28.0;59.0;56.0;sell
ALE;Preferred;10.0;37;10.0;36.0;58.0;1.0;sell
ALE;Common;67.0;157;67.0;99.0;84.0;1.0;buy
JOE;Preferred;55.0;59;55.0;88.0;30.0;68.0;buy
ALE;Preferred;25.0;62;25.0;56.0;31.0;1.0;buy
TEA;Preferred;4.0;145;4.0;46.0;18.0;32.0;sell
GIN;Preferred;48.0;43;48.0;44.0;50.0;10.0;buy
POP;Preferred;25.0;70;25.0;35.0;65.0;56.0;buy
ALE;Preferred;59.0;75;59.0;37.0;45.0;1.0;sell
ALE;Common;92.0;19;92.0;79.0;70.0;1.0;buy
GIN;Common;75.0;112;75.0;30.0;74.0;10.0;sell
JOE;Common;18.0;51;18.0;58.0;99.0;68.0;sell
POP;Preferred;41.0;59;41.0;91.0;40.0;56.0;buy
ALE;Common;23.0;2;23.0;53.0;58.0;1.0;sell
ALE;Preferred;18.0;152;18.0;88.0;2.0;1.0;sell
JOE;Preferred;95.0;158;95.0;97.0;95.0;68.0;sell
GIN;Preferred;44.0;149;44.0;69.0;84.0;10.0;buy
TEA;Common;48.0;111;48.0;2.0;76.0;32.0;buy
POP;Preferred;35.0;10;35.0;58.0;78.0;56.0;buy
JOE;Common;29.0;193;29.0;6.0;57.0;68.0;buy
JOE;Preferred;100.0;37;100.0;16.0;47.0;68.0;sell
TEA;Preferred;33.0;75;33.0;61.0;43.0;32.0;sell
POP;Common;35.0;8;35.0;12.0;32.0;56.0;sell
JOE;Common;24.0;124;24.0;75.0;81.0;68.0;sell
GIN;Preferred;57.0;57;57.0;48.0;77.0;10.0;buy
POP;Common;48.0;82;48.0;53.0;79.0;56.0;buy
TEA;Preferred;4.0;44;4.0;86.0;40.0;32.0;buy
GIN;Preferred;21.0;178;21.0;32.0;87.0;10.0;sell
ALE;Common;10.0;117;10.0;22.0;82.0;1.0;sell
TEA;Common;26.0;94;26.0;50.0;70.0;32.0;sell
TEA;Preferred;40.0;121;40.0;31.0;54.0;32.0;sell
JOE;Preferred;25.0;186;25.0;15.0;36.0;68.0;sell
TEA;Preferred;24.0;157;24.0;81.0;60.0;32.0;sell
ALE;Common;8.0;155;8.0;51.0;54.0;1.0;buy
GIN;Common;81.0;123;81.0;84.0;88.0;10.0;buy
GIN;Preferred;37.0;39;37.0;30.0;100.0;10.0;sell
GIN;Preferred;19.0;111;19.0;92.0;62.0;10.0;sell
TEA;Preferred;53.0;23;53.0;85.0;21.0;32.0;sell
GIN;Preferred;92.0;100;92.0;51.0;55.0;10.0;buy
ALE;Preferred;68.0;34;68.0;27.0;82.0;1.0;sell
JOE;Common;80.0;93;80.0;28.0;55.0;68.0;buy
ALE;Preferred;73.0;125;73.0;65.0;64.0;1.0;sell
POP;Common;66.0;182;66.0;4.0;65.0;56.0;buy
GIN;Preferred;42.0;49;42.0;72.0;89.0;10.0;sell
POP;Preferred;49.0;114;49.0;73.0;98.0;56.0;sell
ALE;Common;48.0;72;48.0;12.0;16.0;1.0;buy
TEA;Common;6.0;172;6.0;11.0;44.0;32.0;sell
JOE;Common;39.0;117;39.0;5.0;93.0;68.0;buy
TEA;Common;25.0;118;25.0;66.0;7.0;32.0;buy
GIN;Common;14.0;22;14.0;52.0;92.0;10.0;sell
TEA;Common;19.0;167;19.0;60.0;3.0;32.0;buy
GIN;Common;4.0;8;4.0;47.0;21.0;10.0;sell
GIN;Preferred;65.0;5;65.0;1.0;24.0;10.0;sell
JOE;Common;63.0;134;63.0;9.0;20.0;68.0;sell
POP;Common;80.0;34;80.0;35.0;93.0;56.0;sell
POP;Common;7.0;64;7.0;97.0;16.0;56.0;buy
TEA;Preferred;94.0;63;94.0;19.0;28.0;32.0;sell
POP;Preferred;75.0;66;75.0;11.0;82.0;56.0;sell
POP;Preferred;93.0;69;93.0;6.0;71.0;56.0;buy
GIN;Preferred;36.0;88;36.0;14.0;78.0;10.0;buy
ALE;Preferred;56.0;183;56.0;49.0;64.0;1.0;sell
JOE;Common;3.0;110;3.0;24.0;57.0;68.0;buy
GIN;Common;34.0;179;34.0;9.0;52.0;10.0;buy
POP;Preferred;70.0;77;70.0;73.0;34.0;56.0;sell
POP;Preferred;2.0;102;2.0;8.0;73.0;56.0;buy
ALE;Common;24.0;153;24.0;88.0;8.0;1.0;sell
POP;Preferred;25.0;67;25.0;22.0;33.0;56.0;buy
POP;Common;53.0;43;53.0;64.0;27.0;56.0;sell
TEA;Preferred;97.0;76;97.0;14.0;83.0;32.0;sell
POP;Common;32.0;45;32.0;38.0;11.0;56.0;sell
POP;Common;57.0;171;57.0;3.0;95.0;56.0;buy
POP;Preferred;76.0;108;76.0;23.0;37.0;56.0;buy
POP;Preferred;3.0;44;3.0;59.0;86.0;56.0;buy
GIN;Preferred;16.0;106;16.0;64.0;26.0;10.0;sell
TEA;Preferred;17.0;45;17.0;50.0;53.0;32.0;sell
JOE;Preferred;31.0;193;31.0;83.0;46.0;68.0;sell
POP;Common;18.0;75;18.0;81.0;90.0;56.0;sell
JOE;Preferred;44.0;100;44.0;96.0;97.0;68.0;sell
GIN;Common;39.0;17;39.0;53.0;88.0;10.0;buy
JOE;Common;94.0;43;94.0;79.0;68.0;68.0;sell
JOE;Preferred;55.0;89;55.0;92.0;99.0;68.0;sell
JOE;Common;81.0;83;81.0;44.0;89.0;68.0;sell
ALE;Preferred;67.0;118;67.0;56.0;67.0;1.0;sell
TEA;Preferred;32.0;9;32.0;35.0;79.0;32.0;buy
GIN;Preferred;53.0;56;53.0;15.0;44.0;10.0;buy
JOE;Preferred;34.0;106;34.0;51.0;60.0;68.0;buy
GIN;Preferred;15.0;111;15.0;84.0;3.0;10.0;sell
JOE;Common;97.0;183;97.0;47.0;31.0;68.0;buy
ALE;Common;7.0;99;7.0;2.0;5.0;1.0;buy
JOE;Preferred;63.0;54;63.0;39.0;98.0;68.0;buy
JOE;Preferred;43.0;22;43.0;95.0;31.0;68.0;buy
GIN;Common;76.0;181;76.0;11.0;2.0;10.0;buy
TEA;Common;83.0;174;83.0;28.0;75.0;32.0;sell
ALE;Preferred;94.0;69;94.0;63.0;1.0;1.0;sell
GIN;Common;97.0;137;97.0;41.0;63.0;10.0;buy
JOE;Preferred;90.0;68;90.0;34.0;14.0;68.0;sell
POP;Preferred;45.0;190;45.0;23.0;23.0;56.0;buy
POP;Preferred;40.0;50;40.0;66.0;35.0;56.0;sell
GIN;Preferred;81.0;163;81.0;95.0;27.0;10.0;sell
JOE;Common;15.0;35;15.0;24.0;76.0;68.0;sell
GIN;Preferred;95.0;41;95.0;37.0;4.0;10.0;sell
POP;Preferred;64.0;143;64.0;11.0;82.0;56.0;buy
GIN;Common;55.0;182;55.0;72.0;21.0;10.0;buy
GIN;Common;44.0;12;44.0;88.0;31.0;10.0;buy
TEA;Common;37.0;183;37.0;81.0;0.0;32.0;buy
TEA;Preferred;68.0;34;68.0;91.0;98.0;32.0;buy
ALE;Preferred;42.0;19;42.0;49.0;2.0;1.0;buy
JOE;Common;52.0;195;52.0;89.0;64.0;68.0;sell
GIN;Preferred;19.0;128;19.0;56.0;27.0;10.0;sell
JOE;Common;98.0;25;98.0;40.0;35.0;68.0;buy
ALE;Common;31.0;85;31.0;30.0;1.0;1.0;buy
TEA;Common;1.0;196;1.0;93.0;36.0;32.0;sell
JOE;Preferred;36.0;20;36.0;37.0;58.0;68.0;buy
JOE;Preferred;87.0;194;87.0;74.0;49.0;68.0;buy
TEA;Preferred;24.0;194;24.0;76.0;7.0;32.0;sell
ALE;Preferred;42.0;17;42.0;41.0;2.0;1.0;buy
GIN;Preferred;3.0;92;3.0;12.0;40.0;10.0;sell
JOE;Preferred;72.0;121;72.0;81.0;11.0;68.0;sell
GIN;Common;78.0;33;78.0;43.0;83.0;10.0;buy
POP;Preferred;73.0;52;73.0;40.0;43.0;56.0;sell
ALE;Common;11.0;153;11.0;33.0;88.0;1.0;buy
ALE;Preferred;12.0;119;12.0;62.0;48.0;1.0;sell
ALE;Preferred;20.0;146;20.0;97.0;85.0;1.0;buy
ALE;Common;53.0;77;53.0;40.0;44.0;1.0;sell
ALE;Common;36.0;135;36.0;59.0;24.0;1.0;buy
POP;Common;86.0;100;86.0;84.0;91.0;56.0;sell
JOE;Preferred;70.0;11;70.0;71.0;83.0;68.0;buy
GIN;Preferred;41.0;14;41.0;43.0;61.0;10.0;buy
JOE;Common;54.0;102;54.0;59.0;15.0;68.0;sell
TEA;Common;38.0;32;38.0;52.0;45.0;32.0;buy
GIN;Preferred;32.0;33;32.0;12.0;7.0;10.0;buy
ALE;Preferred;42.0;113;42.0;28.0;24.0;1.0;sell
ALE;Preferred;25.0;72;25.0;30.0;14.0;1.0;sell
JOE;Preferred;10.0;21;10.0;15.0;57.0;68.0;buy
ALE;Preferred;70.0;102;70.0;56.0;66.0;1.0;sell
POP;Preferred;79.0;135;79.0;8.0;7.0;56.0;sell
JOE;Common;97.0;164;97.0;71.0;90.0;68.0;sell
GIN;Preferred;34.0;138;34.0;62.0;75.0;10.0;sell
GIN;Common;28.0;75;28.0;13.0;88.0;10.0;sell
GIN;Preferred;37.0;191;37.0;99.0;66.0;10.0;sell
POP;Common;32.0;96;32.0;99.0;86.0;56.0;buy
ALE;Preferred;45.0;139;45.0;70.0;79.0;1.0;buy
POP;Preferred;82.0;41;82.0;88.0;44.0;56.0;buy
ALE;Common;88.0;142;88.0;19.0;12.0;1.0;buy
GIN;Common;3.0;70;3.0;8.0;9.0;10.0;sell
POP;Common;77.0;89;77.0;27.0;91.0;56.0;buy
TEA;Preferred;32.0;92;32.0;59.0;51.0;32.0;buy
JOE;Common;85.0;50;85.0;19.0;33.0;68.0;buy
JOE;Preferred;63.0;99;63.0;75.0;61.0;68.0;buy
POP;Common;62.0;45;62.0;25.0;30.0;56.0;buy
ALE;Preferred;44.0;181;44.0;66.0;40.0;1.0;sell
GIN;Preferred;37.0;119;37.0;4.0;15.0;10.0;buy
TEA;Common;92.0;57;92.0;56.0;72.0;32.0;sell
POP;Preferred;3.0;133;3.0;69.0;8.0;56.0;sell
JOE;Preferred;79.0;194;79.0;82.0;87.0;68.0;sell
GIN;Preferred;29.0;25;29.0;44.0;70.0;10.0;buy
GIN;Common;38.0;107;38.0;61.0;96.0;10.0;sell
GIN;Preferred;44.0;117;44.0;17.0;55.0;10.0;buy
JOE;Common;79.0;157;79.0;77.0;96.0;68.0;sell
POP;Common;46.0;135;46.0;32.0;45.0;56.0;sell
JOE;Preferred;72.0;187;72.0;26.0;95.0;68.0;sell
POP;Preferred;16.0;6;16.0;97.0;42.0;56.0;buy
GIN;Preferred;24.0;85;24.0;77.0;86.0;10.0;sell
POP;Preferred;88.0;153;88.0;72.0;79.0;56.0;sell
ALE;Common;43.0;88;43.0;100.0;4.0;1.0;sell
JOE;Common;4.0;178;4.0;13.0;71.0;68.0;buy
JOE;Preferred;50.0;85;50.0;17.0;23.0;68.0;buy
TEA;Preferred;30.0;67;30.0;88.0;77.0;32.0;buy
POP;Preferred;35.0;135;35.0;1.0;16.0;56.0;sell
TEA;Common;63.0;181;63.0;63.0;59.0;32.0;buy
JOE;Preferred;90.0;159;90.0;85.0;27.0;68.0;buy
GIN;Common;65.0;131;65.0;96.0;16.0;10.0;sell
TEA;Common;10.0;160;10.0;64.0;11.0;32.0;buy
GIN;Preferred;61.0;52;61.0;92.0;35.0;10.0;buy
JOE;Common;18.0;80;18.0;43.0;41.0;68.0;sell
GIN;Common;87.0;84;87.0;39.0;1.0;10.0;buy
POP;Preferred;42.0;146;42.0;34.0;39.0;56.0;sell
GIN;Common;82.0;9;82.0;29.0;6.0;10.0;sell
GIN;Common;31.0;130;31.0;45.0;21.0;10.0;buy
ALE;Preferred;9.0;6;9.0;4.0;70.0;1.0;buy
POP;Preferred;27.0;181;27.0;40.0;33.0;56.0;buy
JOE;Common;78.0;36;78.0;72.0;41.0;68.0;sell
ALE;Common;71.0;38;71.0;31.0;62.0;1.0;buy
ALE;Preferred;76.0;59;76.0;28.0;52.0;1.0;sell
TEA;Preferred;9.0;38;9.0;12.0;58.0;32.0;buy
JOE;Common;45.0;94;45.0;84.0;65.0;68.0;sell
POP;Preferred;57.0;155;57.0;3.0;48.0;56.0;buy
JOE;Preferred;73.0;126;73.0;67.0;72.0;68.0;sell
POP;Common;75.0;30;75.0;27.0;69.0;56.0;sell
JOE;Common;29.0;2;29.0;7.0;37.0;68.0;sell
ALE;Common;47.0;165;47.0;55.0;40.0;1.0;sell
POP;Common;98.0;97;98.0;12.0;50.0;56.0;sell
ALE;Preferred;33.0;193;33.0;13.0;44.0;1.0;sell
GIN;Preferred;73.0;139;73.0;15.0;53.0;10.0;sell
ALE;Common;76.0;68;76.0;39.0;22.0;1.0;sell
GIN;Common;26.0;173;26.0;91.0;81.0;10.0;sell
POP;Preferred;64.0;84;64.0;23.0;54.0;56.0;buy
GIN;Common;98.0;71;98.0;55.0;74.0;10.0;sell
GIN;Preferred;68.0;104;68.0;21.0;38.0;10.0;buy
ALE;Preferred;39.0;159;39.0;70.0;77.0;1.0;buy
POP;Preferred;30.0;155;30.0;33.0;61.0;56.0;sell
POP;Preferred;30.0;80;30.0;6.0;47.0;56.0;buy
JOE;Preferred;92.0;27;92.0;3.0;54.0;68.0;buy
ALE;Common;78.0;29;78.0;1.0;23.0;1.0;buy
ALE;Preferred;35.0;18;35.0;22.0;59.0;1.0;buy
ALE;Common;31.0;172;31.0;96.0;88.0;1.0;sell
JOE;Common;70.0;42;70.0;58.0;69.0;68.0;buy
TEA;Common;7.0;164;7.0;11.0;85.0;32.0;sell
ALE;Preferred;63.0;102;63.0;25.0;38.0;1.0;buy
ALE;Preferred;0.0;117;0.0;48.0;68.0;1.0;buy
GIN;Preferred;8.0;157;8.0;21.0;94.0;10.0;buy
ALE;Common;55.0;10;55.0;97.0;50.0;1.0;sell
JOE;Preferred;51.0;118;51.0;23.0;77.0;68.0;buy
POP;Common;30.0;101;30.0;60.0;35.0;56.0;buy
TEA;Common;82.0;32;82.0;59.0;56.0;32.0;sell
ALE;Preferred;26.0;3;26.0;72.0;53.0;1.0;buy
GIN;Preferred;41.0;46;41.0;57.0;32.0;10.0;sell
ALE;Preferred;47.0;138;47.0;9.0;37.0;1.0;sell
JOE;Preferred;98.0;113;98.0;44.0;79.0;68.0;buy
POP;Common;14.0;102;14.0;11.0;50.0;56.0;buy
POP;Common;19.0;3;19.0;69.0;31.0;56.0;buy
JOE;Preferred;51.0;89;51.0;86.0;65.0;68.0;sell
ALE;Preferred;22.0;47;22.0;4.0;15.0;1.0;sell
POP;Preferred;95.0;1;95.0;26.0;8.0;56.0;sell
ALE;Common;21.0;149;21.0;35.0;59.0;1.0;sell
GIN;Common;30.0;110;30.0;83.0;73.0;10.0;buy
ALE;Preferred;17.0;41;17.0;14.0;68.0;1.0;sell
ALE;Common;57.0;21;57.0;8.0;61.0;1.0;sell
ALE;Common;73.0;135;73.0;98.0;34.0;1.0;sell
POP;Preferred;71.0;17;71.0;62.0;90.0;56.0;buy
ALE;Common;78.0;125;78.0;93.0;67.0;1.0;buy
JOE;Common;82.0;82;82.0;18.0;2.0;68.0;sell
GIN;Common;53.0;127;53.0;30.0;13.0;10.0;sell
JOE;Common;34.0;5;34.0;51.0;79.0;68.0;sell
JOE;Common;50.0;145;50.0;77.0;34.0;68.0;sell
ALE;Preferred;77.0;36;77.0;27.0;74.0;1.0;buy
GIN;Preferred;34.0;171;34.0;86.0;19.0;10.0;sell
JOE;Preferred;98.0;37;98.0;45.0;54.0;68.0;buy
POP;Common;99.0;139;99.0;19.0;74.0;56.0;sell
GIN;Common;17.0;144;17.0;58.0;18.0;10.0;buy
POP;Common;1.0;126;1.0;5.0;70.0;56.0;sell
TEA;Preferred;79.0;14;79.0;42.0;58.0;32.0;sell
POP;Preferred;89.0;109;89.0;98.0;34.0;56.0;buy
GIN;Preferred;21.0;70;21.0;32.0;1.0;10.0;buy
ALE;Preferred;39.0;20;39.0;54.0;92.0;1.0;sell
TEA;Common;31.0;7;31.0;28.0;29.0;32.0;buy
JOE;Preferred;31.0;68;31.0;43.0;21.0;68.0;sell
JOE;Common;35.0;20;35.0;7.0;59.0;68.0;buy
GIN;Common;87.0;21;87.0;83.0;46.0;10.0;sell
JOE;Preferred;72.0;48;72.0;76.0;5.0;68.0;buy
POP;Common;38.0;116;38.0;5.0;70.0;56.0;sell
POP;Common;91.0;183;91.0;23.0;45.0;56.0;sell
TEA;Preferred;87.0;1;87.0;76.0;36.0;32.0;buy
TEA;Common;75.0;138;75.0;66.0;23.0;32.0;buy
POP;Preferred;56.0;192;56.0;83.0;25.0;56.0;buy
JOE;Common;16.0;7;16.0;78.0;54.0;68.0;sell
TEA;Common;73.0;47;73.0;45.0;12.0;32.0;sell
GIN;Common;36.0;162;36.0;90.0;71.0;10.0;buy
ALE;Common;54.0;140;54.0;70.0;29.0;1.0;sell
ALE;Common;34.0;183;34.0;35.0;46.0;1.0;buy
POP;Common;2.0;152;2.0;61.0;97.0;56.0;buy
JOE;Common;11.0;122;11.0;8.0;33.0;68.0;buy
JOE;Common;13.0;178;13.0;78.0;65.0;68.0;buy
GIN;Common;21.0;193;21.0;88.0;20.0;10.0;sell
TEA;Preferred;14.0;82;14.0;60.0;92.0;32.0;buy
POP;Preferred;56.0;177;56.0;56.0;13.0;56.0;buy
ALE;Common;54.0;51;54.0;48.0;62.0;1.0;sell
JOE;Preferred;68.0;82;68.0;81.0;60.0;68.0;sell
GIN;Preferred;49.0;116;49.0;36.0;97.0;10.0;buy
JOE;Preferred;61.0;184;61.0;81.0;73.0;68.0;buy
POP;Common;56.0;110;56.0;69.0;67.0;56.0;sell
ALE;Preferred;73.0;82;73.0;94.0;18.0;1.0;sell
ALE;Preferred;65.0;62;65.0;77.0;22.0;1.0;sell
POP;Preferred;13.0;71;13.0;86.0;84.0;56.0;buy
TEA;Preferred;46.0;108;46.0;88.0;63.0;32.0;sell
ALE;Common;76.0;148;76.0;53.0;43.0;1.0;sell
POP;Common;90.0;52;90.0;33.0;46.0;56.0;sell
JOE;Preferred;12.0;152;12.0;3.0;18.0;68.0;sell
JOE;Common;40.0;77;40.0;29.0;12.0;68.0;buy
JOE;Common;81.0;80;81.0;69.0;10.0;68.0;buy
GIN;Common;56.0;187;56.0;31.0;10.0;10.0;sell
ALE;Common;60.0;161;60.0;18.0;92.0;1.0;buy
JOE;Common;58.0;44;58.0;95.0;18.0;68.0;sell
ALE;Common;62.0;141;62.0;52.0;79.0;1.0;buy
TEA;Common;47.0;45;47.0;59.0;32.0;32.0;buy
GIN;Preferred;87.0;178;87.0;28.0;78.0;10.0;buy
TEA;Preferred;85.0;193;85.0;68.0;62.0;32.0;buy
POP;Common;76.0;62;76.0;31.0;92.0;56.0;buy
JOE;Common;88.0;51;88.0;98.0;16.0;68.0;buy
GIN;Preferred;54.0;19;54.0;86.0;58.0;10.0;sell
GIN;Common;90.0;175;90.0;98.0;45.0;10.0;sell
POP;Preferred;92.0;78;92.0;21.0;75.0;56.0;sell
POP;Common;21.0;126;21.0;42.0;30.0;56.0;buy
JOE;Preferred;20.0;101;20.0;60.0;74.0;68.0;sell
GIN;Common;38.0;49;38.0;90.0;9.0;10.0;sell
GIN;Common;68.0;138;68.0;11.0;73.0;10.0;sell
POP;Preferred;30.0;137;30.0;62.0;28.0;56.0;buy
POP;Preferred;4.0;192;4.0;33.0;29.0;56.0;buy
ALE;Preferred;56.0;36;56.0;55.0;2.0;1.0;sell
POP;Preferred;16.0;81;16.0;23.0;65.0;56.0;sell
GIN;Preferred;45.0;190;45.0;80.0;62.0;10.0;sell
GIN;Preferred;69.0;162;69.0;9.0;99.0;10.0;sell
JOE;Common;85.0;92;85.0;90.0;64.0;68.0;buy
JOE;Common;97.0;23;97.0;64.0;76.0;68.0;sell
JOE;Common;53.0;150;53.0;53.0;67.0;68.0;buy
GIN;Preferred;97.0;190;97.0;84.0;38.0;10.0;sell
POP;Preferred;66.0;36;66.0;45.0;46.0;56.0;buy
POP;Common;8.0;79;8.0;71.0;47.0;56.0;buy
ALE;Common;84.0;101;84.0;88.0;37.0;1.0;sell
ALE;Common;85.0;128;85.0;67.0;1.0;1.0;sell
POP;Preferred;11.0;72;11.0;82.0;46.0;56.0;sell
JOE;Preferred;17.0;61;17.0;19.0;4.0;68.0;buy
ALE;Preferred;76.0;111;76.0;42.0;18.0;1.0;sell
JOE;Preferred;27.0;32;27.0;57.0;79.0;68.0;buy
ALE;Preferred;69.0;16;69.0;25.0;56.0;1.0;sell
GIN;Common;49.0;49;49.0;78.0;64.0;10.0;buy
JOE;Preferred;19.0;168;19.0;42.0;54.0;68.0;buy
TEA;Preferred;17.0;161;17.0;45.0;22.0;32.0;buy
TEA;Preferred;96.0;53;96.0;67.0;56.0;32.0;sell
TEA;Preferred;59.0;46;59.0;25.0;2.0;32.0;buy
GIN;Common;4.0;147;4.0;69.0;20.0;10.0;sell
JOE;Preferred;6.0;123;6.0;30.0;59.0;68.0;buy
JOE;Common;12.0;8;12.0;68.0;45.0;68.0;sell
JOE;Preferred;54.0;60;54.0;7.0;7.0;68.0;sell
POP;Preferred;26.0;52;26.0;0.0;49.0;56.0;sell
ALE;Common;55.0;133;55.0;3.0;69.0;1.0;sell
ALE;Common;15.0;124;15.0;81.0;0.0;1.0;buy
GIN;Preferred;62.0;195;62.0;67.0;8.0;10.0;sell
GIN;Preferred;42.0;104;42.0;17.0;49.0;10.0;sell
POP;Common;34.0;161;34.0;71.0;50.0;56.0;buy
JOE;Common;66.0;91;66.0;77.0;4.0;68.0;sell
POP;Preferred;83.0;38;83.0;36.0;71.0;56.0;buy
ALE;Common;55.0;169;55.0;1.0;95.0;1.0;sell
POP;Common;94.0;108;94.0;31.0;53.0;56.0;buy
ALE;Common;65.0;195;65.0;65.0;40.0;1.0;buy
ALE;Common;17.0;131;17.0;53.0;89.0;1.0;buy
POP;Preferred;44.0;99;44.0;82.0;25.0;56.0;buy
POP;Common;28.0;51;28.0;51.0;41.0;56.0;buy
JOE;Common;21.0;84;21.0;4.0;15.0;68.0;sell
ALE;Preferred;5.0;14;5.0;21.0;81.0;1.0;buy
JOE;Common;57.0;17;57.0;87.0;15.0;68.0;buy
POP;Preferred;22.0;40;22.0;80.0;7.0;56.0;buy
JOE;Preferred;66.0;58;66.0;70.0;30.0;68.0;buy
POP;Common;89.0;19;89.0;96.0;85.0;56.0;sell
TEA;Preferred;33.0;173;33.0;8.0;23.0;32.0;buy
ALE;Preferred;60.0;156;60.0;11.0;7.0;1.0;buy
ALE;Common;93.0;122;93.0;9.0;49.0;1.0;sell
GIN;Common;5.0;51;5.0;45.0;62.0;10.0;sell
JOE;Common;24.0;129;24.0;31.0;19.0;68.0;sell
ALE;Common;70.0;70;70.0;10.0;6.0;1.0;buy
POP;Preferred;67.0;9;67.0;100.0;73.0;56.0;buy
POP;Common;64.0;67;64.0;9.0;15.0;56.0;sell
JOE;Common;99.0;76;99.0;66.0;9.0;68.0;sell
ALE;Common;45.0;148;45.0;9.0;61.0;1.0;buy
JOE;Common;19.0;136;19.0;77.0;55.0;68.0;sell
POP;Common;96.0;38;96.0;76.0;38.0;56.0;buy
GIN;Common;44.0;180;44.0;95.0;40.0;10.0;buy
ALE;Preferred;100.0;185;100.0;15.0;22.0;1.0;buy
ALE;Preferred;48.0;66;48.0;4.0;70.0;1.0;sell
GIN;Preferred;22.0;1;22.0;91.0;54.0;10.0;buy
ALE;Common;40.0;65;40.0;25.0;10.0;1.0;buy
GIN;Common;2.0;68;2.0;30.0;46.0;10.0;sell
TEA;Preferred;8.0;14;8.0;58.0;29.0;32.0;sell
JOE;Preferred;95.0;68;95.0;6.0;87.0;68.0;buy
POP;Common;81.0;73;81.0;25.0;17.0;56.0;buy
GIN;Preferred;37.0;173;37.0;36.0;7.0;10.0;sell
GIN;Preferred;48.0;3;48.0;53.0;99.0;10.0;buy
TEA;Common;48.0;1;48.0;46.0;51.0;32.0;buy
TEA;Preferred;54.0;166;54.0;69.0;5.0;32.0;sell
ALE;Common;50.0;88;50.0;15.0;78.0;1.0;sell
ALE;Common;62.0;121;62.0;60.0;99.0;1.0;sell
POP;Common;15.0;52;15.0;89.0;88.0;56.0;sell
TEA;Common;99.0;29;99.0;7.0;17.0;32.0;sell
POP;Preferred;12.0;161;12.0;81.0;7.0;56.0;sell
ALE;Common;48.0;182;48.0;98.0;0.0;1.0;buy
JOE;Common;9.0;109;9.0;11.0;92.0;68.0;buy
ALE;Preferred;34.0;65;34.0;44.0;19.0;1.0;buy
ALE;Common;96.0;90;96.0;90.0;72.0;1.0;sell
ALE;Preferred;43.0;13;43.0;73.0;26.0;1.0;sell
GIN;Common;60.0;143;60.0;35.0;25.0;10.0;sell
POP;Common;98.0;65;98.0;50.0;4.0;56.0;buy
ALE;Common;25.0;8;25.0;53.0;85.0;1.0;sell
GIN;Preferred;4.0;75;4.0;39.0;40.0;10.0;buy
TEA;Common;4.0;162;4.0;66.0;67.0;32.0;sell
TEA;Preferred;1.0;14;1.0;75.0;72.0;32.0;sell
JOE;Common;88.0;22;88.0;2.0;28.0;68.0;sell
ALE;Common;97.0;142;97.0;86.0;28.0;1.0;sell
POP;Common;75.0;58;75.0;55.0;67.0;56.0;buy
GIN;Common;19.0;45;19.0;42.0;0.0;10.0;buy
POP;Common;73.0;196;73.0;95.0;56.0;56.0;buy
ALE;Preferred;99.0;108;99.0;87.0;70.0;1.0;sell
ALE;Preferred;28.0;174;28.0;80.0;44.0;1.0;sell
GIN;Common;49.0;65;49.0;86.0;32.0;10.0;buy
ALE;Preferred;82.0;24;82.0;97.0;44.0;1.0;buy
POP;Common;70.0;6;70.0;75.0;87.0;56.0;buy
POP;Preferred;89.0;40;89.0;73.0;69.0;56.0;sell
POP;Preferred;17.0;28;17.0;11.0;14.0;56.0;sell
GIN;Common;29.0;44;29.0;25.0;58.0;10.0;sell
JOE;Preferred;69.0;55;69.0;2.0;45.0;68.0;sell
TEA;Preferred;51.0;180;51.0;63.0;57.0;32.0;sell
GIN;Common;30.0;87;30.0;5.0;42.0;10.0;buy
POP;Common;51.0;65;51.0;5.0;67.0;56.0;sell
ALE;Common;36.0;91;36.0;26.0;17.0;1.0;sell
GIN;Common;79.0;15;79.0;89.0;68.0;10.0;sell
GIN;Preferred;1.0;176;1.0;63.0;54.0;10.0;sell
GIN;Preferred;25.0;121;25.0;41.0;58.0;10.0;sell
POP;Common;36.0;31;36.0;73.0;89.0;56.0;sell
GIN;Common;34.0;47;34.0;51.0;82.0;10.0;buy
JOE;Common;83.0;128;83.0;21.0;31.0;68.0;sell
ALE;Preferred;41.0;53;41.0;64.0;83.0;1.0;sell
GIN;Common;76.0;56;76.0;82.0;74.0;10.0;sell
ALE;Preferred;51.0;197;51.0;27.0;99.0;1.0;buy
GIN;Common;35.0;131;35.0;96.0;19.0;10.0;sell
GIN;Preferred;45.0;124;45.0;1.0;89.0;10.0;buy
ALE;Preferred;40.0;120;40.0;54.0;86.0;1.0;sell
GIN;Common;64.0;165;64.0;8.0;37.0;10.0;sell
TEA;Preferred;58.0;11;58.0;17.0;89.0;32.0;buy
ALE;Preferred;16.0;153;16.0;36.0;79.0;1.0;buy
ALE;Common;18.0;102;18.0;88.0;94.0;1.0;buy
POP;Common;19.0;143;19.0;48.0;15.0;56.0;buy
POP;Preferred;18.0;129;18.0;54.0;62.0;56.0;sell
JOE;Common;81.0;11;81.0;82.0;16.0;68.0;sell
POP;Common;40.0;199;40.0;16.0;89.0;56.0;sell
POP;Preferred;28.0;159;28.0;68.0;84.0;56.0;buy
GIN;Preferred;1.0;170;1.0;51.0;72.0;10.0;buy
POP;Common;10.0;73;10.0;9.0;70.0;56.0;sell
JOE;Common;66.0;25;66.0;85.0;63.0;68.0;buy
GIN;Preferred;60.0;148;60.0;97.0;15.0;10.0;sell
JOE;Preferred;34.0;105;34.0;89.0;95.0;68.0;sell
TEA;Common;20.0;6;20.0;75.0;40.0;32.0;sell
JOE;Common;34.0;126;34.0;65.0;11.0;68.0;buy
POP;Common;100.0;140;100.0;66.0;48.0;56.0;buy
POP;Common;29.0;85;29.0;30.0;34.0;56.0;sell
ALE;Preferred;49.0;192;49.0;65.0;39.0;1.0;buy
GIN;Common;78.0;164;78.0;99.0;12.0;10.0;buy
ALE;Common;72.0;21;72.0;87.0;16.0;1.0;buy
ALE;Preferred;6.0;113;6.0;29.0;13.0;1.0;buy
POP;Common;46.0;135;46.0;40.0;56.0;56.0;buy
POP;Common;83.0;167;83.0;99.0;14.0;56.0;sell
POP;Preferred;0.0;40;0.0;6.0;100.0;56.0;buy
TEA;Preferred;78.0;39;78.0;27.0;22.0;32.0;sell
TEA;Common;19.0;58;19.0;6.0;49.0;32.0;sell
POP;Common;40.0;31;40.0;39.0;6.0;56.0;buy
JOE;Common;55.0;194;55.0;83.0;10.0;68.0;sell
ALE;Preferred;68.0;84;68.0;66.0;78.0;1.0;buy
GIN;Common;30.0;90;30.0;13.0;51.0;10.0;sell
JOE;Common;34.0;73;34.0;27.0;78.0;68.0;buy
ALE;Preferred;57.0;2;57.0;10.0;12.0;1.0;buy
ALE;Common;78.0;187;78.0;11.0;59.0;1.0;buy
POP;Preferred;92.0;100;92.0;50.0;36.0;56.0;buy
GIN;Common;82.0;196;82.0;47.0;94.0;10.0;sell
JOE;Preferred;11.0;120;11.0;24.0;36.0;68.0;sell
ALE;Common;16.0;15;16.0;96.0;11.0;1.0;buy
POP;Common;57.0;148;57.0;61.0;36.0;56.0;buy
JOE;Preferred;92.0;158;92.0;8.0;57.0;68.0;buy
JOE;Preferred;44.0;81;44.0;71.0;5.0;68.0;buy
JOE;Common;78.0;172;78.0;60.0;36.0;68.0;sell
ALE;Preferred;75.0;63;75.0;38.0;4.0;1.0;sell
ALE;Common;19.0;95;19.0;67.0;18.0;1.0;buy
JOE;Preferred;6.0;130;6.0;0.0;49.0;68.0;sell
ALE;Common;37.0;107;37.0;16.0;57.0;1.0;buy
POP;Preferred;89.0;10;89.0;74.0;43.0;56.0;buy
POP;Preferred;58.0;158;58.0;2.0;52.0;56.0;buy
GIN;Common;30.0;134;30.0;15.0;78.0;10.0;sell
GIN;Common;72.0;30;72.0;22.0;65.0;10.0;buy
ALE;Preferred;100.0;1;100.0;70.0;63.0;1.0;sell
JOE;Common;79.0;191;79.0;23.0;60.0;68.0;buy
GIN;Preferred;93.0;164;93.0;54.0;20.0;10.0;buy
POP;Preferred;48.0;68;48.0;13.0;20.0;56.0;sell
ALE;Preferred;6.0;111;6.0;49.0;28.0;1.0;sell
ALE;Common;37.0;118;37.0;81.0;11.0;1.0;buy
POP;Common;37.0;94;37.0;62.0;82.0;56.0;buy
ALE;Common;37.0;40;37.0;28.0;75.0;1.0;buy
TEA;Common;18.0;101;18.0;21.0;59.0;32.0;buy
JOE;Common;64.0;53;64.0;11.0;38.0;68.0;sell
JOE;Preferred;14.0;43;14.0;85.0;9.0;68.0;buy
JOE;Common;93.0;181;93.0;86.0;54.0;68.0;buy
POP;Common;11.0;57;11.0;64.0;48.0;56.0;buy
JOE;Preferred;20.0;111;20.0;62.0;4.0;68.0;buy
POP;Common;44.0;179;44.0;1.0;64.0;56.0;buy
TEA;Preferred;93.0;67;93.0;7.0;82.0;32.0;sell
GIN;Preferred;69.0;136;69.0;68.0;53.0;10.0;buy
GIN;Common;41.0;143;41.0;29.0;14.0;10.0;sell
TEA;Preferred;2.0;46;2.0;59.0;80.0;32.0;sell
JOE;Common;64.0;68;64.0;44.0;67.0;68.0;sell
POP;Preferred;6.0;177;6.0;18.0;3.0;56.0;sell
ALE;Common;15.0;68;15.0;55.0;6.0;1.0;sell
ALE;Preferred;87.0;31;87.0;40.0;15.0;1.0;sell
ALE;Common;96.0;73;96.0;69.0;36.0;1.0;sell
ALE;Common;28.0;33;28.0;41.0;92.0;1.0;sell
JOE;Common;52.0;159;52.0;61.0;53.0;68.0;sell
ALE;Preferred;41.0;69;41.0;46.0;55.0;1.0;sell
POP;Preferred;55.0;13;55.0;17.0;39.0;56.0;sell
POP;Common;87.0;47;87.0;39.0;67.0;56.0;sell
TEA;Common;86.0;37;86.0;44.0;68.0;32.0;sell
POP;Common;98.0;0;98.0;57.0;1.0;56.0;sell
POP;Common;76.0;46;76.0;33.0;40.0;56.0;buy
POP;Preferred;71.0;90;71.0;29.0;17.0;56.0;sell
GIN;Preferred;64.0;74;64.0;26.0;95.0;10.0;sell
TEA;Preferred;92.0;34;92.0;50.0;25.0;32.0;sell
ALE;Common;64.0;191;64.0;2.0;71.0;1.0;sell
POP;Common;52.0;189;52.0;96.0;100.0;56.0;sell
ALE;Preferred;45.0;59;45.0;1.0;57.0;1.0;buy
POP;Preferred;78.0;34;78.0;23.0;27.0;56.0;sell
JOE;Common;71.0;168;71.0;12.0;30.0;68.0;sell
ALE;Preferred;79.0;28;79.0;3.0;24.0;1.0;buy
POP;Preferred;95.0;167;95.0;21.0;89.0;56.0;buy
POP;Common;27.0;34;27.0;7.0;75.0;56.0;sell
JOE;Preferred;54.0;176;54.0;12.0;56.0;68.0;sell
GIN;Common;73.0;2;73.0;66.0;91.0;10.0;buy
GIN;Common;3.0;102;3.0;22.0;83.0;10.0;sell
JOE;Common;21.0;34;21.0;42.0;41.0;68.0;buy
JOE;Preferred;85.0;178;85.0;35.0;56.0;68.0;buy
POP;Common;77.0;3;77.0;99.0;79.0;56.0;sell
GIN;Common;70.0;88;70.0;55.0;85.0;10.0;buy
ALE;Preferred;65.0;82;65.0;6.0;22.0;1.0;buy
JOE;Preferred;84.0;2;84.0;82.0;48.0;68.0;sell
GIN;Preferred;1.0;28;1.0;66.0;17.0;10.0;sell
POP;Preferred;19.0;3;19.0;56.0;63.0;56.0;sell
ALE;Preferred;2.0;169;2.0;43.0;87.0;1.0;sell
POP;Preferred;99.0;185;99.0;1.0;8.0;56.0;buy
POP;Common;18.0;126;18.0;32.0;11.0;56.0;buy
POP;Preferred;22.0;184;22.0;59.0;17.0;56.0;buy
JOE;Preferred;82.0;154;82.0;52.0;92.0;68.0;sell
POP;Common;38.0;197;38.0;14.0;43.0;56.0;sell
GIN;Common;3.0;67;3.0;82.0;50.0;10.0;buy
GIN;Preferred;29.0;185;29.0;79.0;23.0;10.0;sell
JOE;Preferred;36.0;76;36.0;11.0;34.0;68.0;buy
POP;Common;4.0;142;4.0;88.0;58.0;56.0;sell
GIN;Common;58.0;33;58.0;20.0;97.0;10.0;sell
JOE;Common;58.0;116;58.0;11.0;84.0;68.0;sell
JOE;Preferred;76.0;78;76.0;65.0;2.0;68.0;sell
TEA;Common;45.0;12;45.0;69.0;66.0;32.0;sell
POP;Common;42.0;200;42.0;83.0;37.0;56.0;buy
TEA;Preferred;56.0;48;56.0;12.0;99.0;32.0;sell
ALE;Common;38.0;143;38.0;44.0;79.0;1.0;sell
POP;Preferred;24.0;31;24.0;2.0;55.0;56.0;sell
POP;Common;44.0;46;44.0;73.0;7.0;56.0;sell
JOE;Common;20.0;98;20.0;54.0;25.0;68.0;sell
GIN;Preferred;6.0;75;6.0;58.0;16.0;10.0;buy
GIN;Preferred;66.0;135;66.0;43.0;13.0;10.0;buy
GIN;Common;68.0;134;68.0;98.0;26.0;10.0;buy
JOE;Preferred;32.0;200;32.0;70.0;96.0;68.0;sell
GIN;Preferred;84.0;19;84.0;69.0;49.0;10.0;buy
ALE;Preferred;83.0;2;83.0;33.0;79.0;1.0;buy
POP;Preferred;72.0;51;72.0;31.0;61.0;56.0;sell
ALE;Common;13.0;167;13.0;57.0;29.0;1.0;sell
JOE;Preferred;23.0;158;23.0;58.0;88.0;68.0;buy
JOE;Common;68.0;101;68.0;82.0;96.0;68.0;sell
POP;Common;76.0;140;76.0;21.0;47.0;56.0;buy
JOE;Common;17.0;143;17.0;79.0;30.0;68.0;sell
JOE;Common;69.0;139;69.0;92.0;0.0;68.0;sell
ALE;Preferred;88.0;85;88.0;93.0;2.0;1.0;buy
POP;Preferred;12.0;120;12.0;32.0;69.0;56.0;buy
